aba,1
bid,2
ida,3
hal,4
man,5
esh,6
adi,7
dil,8
ish,9
tya,10
nab,11
een,12
rin,13
aab,14
tab,15
and,16
him,17
jad,18
jiv,19
sha,20
kar,21
kas,22
ash,23
kib,24
lam,25
lap,26
ina,27
iya,28
lne,29
bre,30
mil,31
min,32
mir,33
mna,34
mod,35
osh,36
nad,37
ika,38
eeb,39
nik,40
nil,41
nsi,42
nsu,43
nya,44
ppa,45
ana,46
ati,47
rav,48
hna,49
rif,50
ifa,51
fun,52
rju,53
rti,54
run,55
shi,56
aas,57
asa,58
hia,59
hif,60
hik,61
his,62
hma,63
shu,64
sif,65
sim,66
sma,67
tha,68
sto,69
asu,70
tam,71
tif,72
kun,73
tir,74
ade,75
abi,76
ush,77
zad,78
lly,79
aji,80
bal,81
bas,82
han,83
dul,84
lla,85
lah,86
eer,87
bha,88
aki,89
hay,90
aya,91
nda,92
ada,93
ngh,94
eek,95
bhi,96
ava,97
dra,98
dha,99
hya,100
idi,101
ita,102
jat,103
eet,104
jit,105
jna,106
ala,107
ani,108
anu,109
nyu,110
uta,111
oda,112
has,113
dan,114
nav,115
nay,116
thi,117
wav,118
raj,119
rup,120
sek,121
ekh,122
hak,123
hek,124
iek,125
oka,126
sri,127
mat,128
nta,129
ira,130
hra,131
sin,132
gni,133
bja,134
oni,135
oil,136
rar,137
abu,138
bul,139
ara,140
rya,141
hin,142
yut,143
aku,144
lat,145
rsh,146
sen,147
ipa,148
iba,149
avi,150
ath,151
san,152
ree,153
dit,154
eya,155
iti,156
lok,157
nan,158
ija,159
adv,160
way,161
dya,162
jaz,163
fan,164
jal,165
roz,166
sar,167
ari,168
har,169
zaj,170
zal,171
sti,172
gha,173
ini,174
rna,175
hat,176
ata,177
rej,178
rim,179
ima,180
pad,181
had,182
lya,183
mad,184
kha,185
med,186
lan,187
jay,188
she,189
jab,190
rao,191
jaj,192
tru,193
pal,194
eem,195
eta,196
jim,197
din,198
kya,199
abh,200
jju,201
mal,202
mer,203
eri,204
mit,205
oor,206
jra,207
bar,208
lka,209
lpa,210
nsh,211
eel,212
lak,213
hil,214
ila,215
wer,216
laq,217
tar,218
kif,219
kil,220
kni,221
ram,222
hit,223
aat,224
tri,225
kul,226
uti,227
gan,228
aka,229
gir,230
pna,231
ema,232
mdi,233
ali,234
ias,235
ies,236
jan,237
lim,238
lis,239
ksh,240
lma,241
mas,242
oke,243
ona,244
opa,245
epa,246
taf,247
lve,248
ndu,249
eep,250
mar,251
ula,252
art,253
rta,254
asi,255
mba,256
das,257
ber,258
mbu,259
uda,260
buj,261
uja,262
era,263
ena,264
mie,265
try,266
iri,267
rul,268
oti,269
kit,270
sum,271
ogh,272
oha,273
mol,274
lik,275
mot,276
rat,277
lal,278
mri,279
rik,280
rit,281
rut,282
hla,283
nam,284
tra,285
hmi,286
ayi,287
ndi,288
nga,289
ant,290
aro,291
uya,292
nbu,293
van,294
hav,295
gad,296
thu,297
gda,298
reg,299
uri,300
ket,301
ikt,302
udh,303
hha,304
isa,305
eja,306
nja,307
nku,308
aly,309
eev,310
jli,311
nju,312
jum,313
hri,314
kaj,315
kur,316
kus,317
nli,318
nna,319
heb,320
nat,321
nie,322
nno,323
nnu,324
noj,325
khi,326
ooj,327
oop,328
ama,329
ura,330
sal,331
hul,332
hum,333
sul,334
gat,335
tim,336
uga,337
gya,338
uha,339
nuj,340
nup,341
pam,342
uma,343
rag,344
hka,345
ska,346
oya,347
nuu,348
uva,349
war,350
any,351
zum,352
saf,353
rva,354
ito,355
rab,356
jun,357
ind,358
baj,359
baz,360
cha,361
ham,362
dam,363
dom,364
oli,365
dhi,366
mbi,367
ing,368
rka,369
aan,370
pit,371
sad,372
rsi,373
aru,374
una,375
hau,376
uni,377
der,378
yan,379
zoo,380
gar,381
nti,382
sao,383
rfi,384
fak,385
faq,386
evi,387
ran,388
tai,389
iqu,390
hnu,391
sho,392
hok,393
raf,394
vin,395
win,396
sit,397
srf,398
tal,399
tik,400
tiq,401
taj,402
tma,403
aja,404
eyi,405
tta,406
atu,407
tul,408
adh,409
vid,410
nas,411
nit,412
xat,413
yog,414
yub,415
ube,416
yaj,417
pan,418
zam,419
zaz,420
zim,421
ziz,422
zmi,423
aam,424
alu,425
ban,426
aso,427
bbi,428
bbu,429
bby,430
bli,431
loo,432
blu,433
wan,434
den,435
lji,436
aby,437
che,438
chu,439
hhu,440
hai,441
dal,442
ami,443
dri,444
dru,445
aga,446
dai,447
gga,448
dur,449
len,450
eru,451
iru,452
rai,453
aig,454
ang,455
ngi,456
ake,457
aar,458
ksi,459
lia,460
bir,461
dev,462
llu,463
iki,464
und,465
lti,466
eth,467
dhu,468
kim,469
ode,470
ntu,471
nty,472
pat,473
apu,474
uji,475
ela,476
rid,477
arj,478
kat,479
rku,480
rsa,481
hir,482
yav,483
oon,484
ato,485
udi,486
uty,487
ebi,488
eby,489
enu,490
eti,491
gam,492
gum,493
pur,494
elo,495
eni,496
jir,497
agi,498
rak,499
hag,500
gay,501
ggo,502
wat,503
aie,504
var,505
waj,506
kah,507
rma,508
ker,509
auk,510
mik,511
shy,512
vna,513
vuk,514
vya,515
wna,516
yya,517
mji,518
vti,519
iku,520
nde,521
iva,522
oir,523
ola,524
ole,525
olu,526
onu,527
ori,528
ale,529
hud,530
hen,531
aee,532
uli,533
umi,534
dki,535
hup,536
pen,537
dar,538
ure,539
bek,540
itu,541
kki,542
lke,543
kis,544
lva,545
mla,546
inu,547
pin,548
rij,549
ica,550
hun,551
sok,552
too,553
tan,554
tto,555
ttu,556
vla,557
iwa,558
obi,559
oby,560
odh,561
odu,562
are,563
utt,564
aer,565
hhi,566
eva,567
dho,568
ity,569
kka,570
lad,571
let,572
del,573
ess,574
sra,575
ain,576
ery,577
ine,578
dna,579
bai,580
kor,581
kra,582
eli,583
mpa,584
pak,585
sya,586
cal,587
chl,588
dak,589
dni,590
ndo,591
hur,592
dip,593
kin,594
ore,595
deo,596
gez,597
ngo,598
npa,599
pla,600
rvi,601
ter,602
huj,603
ddi,604
ete,605
het,606
tna,607
yon,608
bil,609
amo,610
ano,611
yar,612
vvi,613
idu,614
otu,615
ddu,616
nki,617
may,618
ayu,619
pta,620
ral,621
tro,622
kla,623
oga,624
hom,625
ote,626
tti,627
tum,628
mki,629
nni,630
ble,631
mic,632
uza,633
aud,634
adu,635
gdu,636
aha,637
wik,638
kch,639
aks,640
ler,641
lip,642
ian,643
dge,644
nge,645
iel,646
sta,647
vir,648
uka,649
yao,650
ray,651
uad,652
yal,653
yee,654
msa,655
eba,656
ent,657
aak,658
epi,659
pka,660
pti,661
moy,662
epu,663
ate,664
eou,665
ere,666
sai,667
ukh,668
vak,669
eeh,670
ndr,671
vik,672
vji,673
vki,674
vli,675
ane,676
jai,677
ney,678
hta,679
aoo,680
arm,681
rmu,682
val,683
wad,684
wal,685
ren,686
odi,687
eej,688
ruv,689
khu,690
lin,691
urv,692
rve,693
bya,694
sah,695
ple,696
mpu,697
mpy,698
nar,699
eka,700
ipu,701
gaj,702
isi,703
ivy,704
xya,705
oba,706
ley,707
olo,708
oly,709
ord,710
yel,711
lar,712
urg,713
rga,714
was,715
vva,716
tit,717
edi,718
ris,719
eha,720
ith,721
rah,722
kta,723
mta,724
dro,725
lil,726
ili,727
yas,728
lai,729
las,730
ail,731
ooq,732
adl,733
aim,734
aaz,735
yaz,736
aiz,737
iza,738
zan,739
zur,740
rey,741
hry,742
iha,743
kir,744
lgu,745
qir,746
raz,747
eed,748
rha,749
naz,750
hib,751
ria,752
nul,753
roj,754
que,755
ruq,756
teh,757
her,758
waz,759
zia,760
zin,761
cia,762
daa,763
sat,764
aus,765
ous,766
oja,767
oza,768
rtu,769
ool,770
nah,771
fra,772
cis,773
sis,774
rra,775
lki,776
ulo,777
kan,778
far,779
fur,780
yam,781
jla,782
arv,783
esi,784
gol,785
ppu,786
rgi,787
rib,788
sht,789
gil,790
uru,791
wai,792
wri,793
yak,794
esa,795
etu,796
gen,797
lib,798
rja,799
ldi,800
ldy,801
mti,802
opi,803
nji,804
ora,805
akh,806
uav,807
orv,808
osa,809
sia,810
dji,811
ace,812
ddo,813
dhe,814
dia,815
gna,816
gul,817
lab,818
bsa,819
fsa,820
fam,821
jar,822
naj,823
anj,824
aza,825
afa,826
zar,827
kth,828
gun,829
pil,830
gur,831
bax,832
mel,833
dut,834
nba,835
bib,836
ssa,837
fiz,838
kam,839
mid,840
mim,841
mza,842
eef,843
nif,844
nny,845
ans,846
nsa,847
ppy,848
ass,849
dik,850
ees,851
ahu,852
nth,853
iom,854
son,855
rji,856
mya,857
rry,858
sir,859
sna,860
awa,861
azi,862
zra,863
azu,864
gde,865
tye,866
hem,867
hon,868
jul,869
ary,870
hee,871
ten,872
oma,873
gsi,874
day,875
kma,876
kum,877
ein,878
sno,879
tun,880
ugu,881
yat,882
mam,883
iaz,884
cee,885
ver,886
aal,887
dta,888
koo,889
hab,890
psa,891
qra,892
rfa,893
aad,894
sak,895
ile,896
iye,897
cky,898
cob,899
dav,900
jag,901
idh,902
hid,903
naf,904
nub,905
igh,906
lmi,907
mee,908
naa,909
hed,910
nak,911
nid,912
nvi,913
nwi,914
apa,915
uir,916
nal,917
men,918
ssi,919
dir,920
tin,921
ved,922
wed,923
yad,924
yda,925
tji,926
tli,927
edu,928
fer,929
ewa,930
doo,931
nuk,932
uhi,933
imi,934
mmi,935
ncy,936
oty,937
ism,938
isu,939
ite,940
aul,941
job,942
pai,943
oel,944
ohn,945
jon,946
ony,947
ohi,948
orj,949
jot,950
tyi,951
joy,952
yaa,953
yti,954
bed,955
eda,956
gal,957
gnu,958
jui,959
ily,960
lee,961
lfi,962
car,963
aid,964
neb,965
unl,966
vel,967
jya,968
hru,969
uba,970
fia,971
aif,972
dih,973
jol,974
jri,975
llo,976
lol,977
dma,978
lua,979
mli,980
mlu,981
mni,982
mre,983
chi,984
chn,985
rpa,986
nha,987
isk,988
nok,989
til,990
iil,991
rmi,992
sam,993
hiv,994
yap,995
sid,996
twa,997
tav,998
ubh,999
vit,1000
wdu,1001
yum,1002
dre,1003
rba,1004
sav,1005
oji,1006
ave,1007
yur,1008
dim,1009
led,1010
lid,1011
hoo,1012
hbu,1013
boo,1014
pde,1015
bhu,1016
ubi,1017
mlo,1018
sbu,1019
huk,1020
ann,1021
shn,1022
hor,1023
klu,1024
les,1025
kmo,1026
ilu,1027
oki,1028
ire,1029
pya,1030
thy,1031
upa,1032
iji,1033
lli,1034
age,1035
mud,1036
unj,1037
nod,1038
rth,1039
gra,1040
uso,1041
ute,1042
yil,1043
dli,1044
jja,1045
khe,1046
smi,1047
hua,1048
kky,1049
lit,1050
tes,1051
tia,1052
fat,1053
tur,1054
lav,1055
wli,1056
nce,1057
xmi,1058
kai,1059
yba,1060
elu,1061
ose,1062
leo,1063
bin,1064
mca,1065
ipi,1066
lll,1067
ong,1068
ove,1069
ely,1070
vly,1071
lta,1072
cki,1073
kad,1074
luv,1075
ahi,1076
hao,1077
hvi,1078
hwi,1079
ger,1080
haj,1081
mmd,1082
ood,1083
oob,1084
bub,1085
ooz,1086
fuj,1087
svi,1088
mun,1089
igo,1090
nka,1091
iry,1092
maj,1093
jid,1094
joo,1095
new,1096
rud,1097
sud,1098
lay,1099
iat,1100
iga,1101
aje,1102
amt,1103
amu,1104
nao,1105
syu,1106
ape,1107
dvi,1108
ful,1109
gai,1110
gla,1111
glu,1112
gta,1113
ngu,1114
yot,1115
oth,1116
our,1117
sur,1118
cus,1119
iam,1120
ium,1121
hli,1122
oom,1123
ast,1124
tok,1125
ank,1126
axi,1127
eno,1128
mai,1129
ega,1130
egh,1131
ghu,1132
aaj,1133
bob,1134
hdi,1135
mem,1136
rcy,1137
ero,1138
mho,1139
ael,1140
dda,1141
kel,1142
lun,1143
kxi,1144
xni,1145
rza,1146
mis,1147
bah,1148
iss,1149
tnu,1150
ghe,1151
gli,1152
moh,1153
bat,1154
rdi,1155
ohd,1156
hni,1157
oin,1158
rki,1159
mrs,1160
udu,1161
say,1162
ibu,1163
kti,1164
bda,1165
kut,1166
mul,1167
mum,1168
taz,1169
nia,1170
nir,1171
nne,1172
nem,1173
rad,1174
rli,1175
arn,1176
tak,1177
taq,1178
tki,1179
bav,1180
dem,1181
afe,1182
gia,1183
gma,1184
aik,1185
jda,1186
jis,1187
jma,1188
jni,1189
ajo,1190
jre,1191
enj,1192
ame,1193
mra,1194
nhe,1195
hey,1196
nhu,1197
tau,1198
mha,1199
gis,1200
mda,1201
ois,1202
roo,1203
iar,1204
oot,1205
wab,1206
yna,1207
zir,1208
zma,1209
maa,1210
emi,1211
ven,1212
nej,1213
nek,1214
eki,1215
msi,1216
ibo,1217
ron,1218
jam,1219
ahe,1220
mmy,1221
pun,1222
vat,1223
ojo,1224
omi,1225
lha,1226
osi,1227
not,1228
nur,1229
rbi,1230
jas,1231
om,1232
mja,1233
one,1234
nye,1235
ier,1236
awi,1237
lvi,1238
ncu,1239
gji,1240
kuj,1241
app,1242
ppe,1243
puu,1244
ras,1245
dep,1246
rem,1247
rmo,1248
rni,1249
tap,1250
ivi,1251
vej,1252
vez,1253
tel,1254
ric,1255
wni,1256
yod,1257
ear,1258
dos,1259
hol,1260
lbi,1261
pia,1262
key,1263
nky,1264
yus,1265
tty,1266
tas,1267
yun,1268
ull,1269
gti,1270
jin,1271
net,1272
sun,1273
mia,1274
yag,1275
ety,1276
emo,1277
ezi,1278
iju,1279
tee,1280
wem,1281
hpa,1282
spa,1283
pha,1284
swa,1285
ulu,1286
dah,1287
mah,1288
tub,1289
hah,1290
bia,1291
dat,1292
fal,1293
afi,1294
fik,1295
fiq,1296
gib,1297
ais,1298
jak,1299
end,1300
sih,1301
hvr,1302
jia,1303
ajl,1304
aju,1305
jvi,1306
kho,1307
ros,1308
meh,1309
asj,1310
sem,1311
wak,1312
tek,1313
inh,1314
sab,1315
sik,1316
hod,1317
tmo,1318
atn,1319
tni,1320
auf,1321
aut,1322
zak,1323
zni,1324
cca,1325
hwa,1326
cho,1327
eza,1328
mpi,1329
kal,1330
nke,1331
nwr,1332
haw,1333
ert,1334
sva,1335
osy,1336
ozi,1337
ozy,1338
bza,1339
bee,1340
ben,1341
bey,1342
ubo,1343
uby,1344
tom,1345
uvi,1346
bba,1347
bab,1348
bbo,1349
bna,1350
bra,1351
dab,1352
daf,1353
diq,1354
qua,1355
dod,1356
git,1357
fta,1358
deb,1359
jha,1360
kru,1361
tla,1362
ung,1363
bit,1364
ksa,1365
mon,1366
ser,1367
gle,1368
upt,1369
jey,1370
jog,1371
joh,1372
nto,1373
trm,1374
uib,1375
rda,1376
rip,1377
riq,1378
rla,1379
ruf,1380
ves,1381
avm,1382
ryu,1383
tej,1384
rty,1385
via,1386
wrn,1387
yed,1388
yja,1389
yma,1390
yra,1391
zid,1392
zya,1393
ars,1394
anm,1395
num,1396
jta,1397
vaj,1398
ikh,1399
lja,1400
unt,1401
lig,1402
ams,1403
kri,1404
mle,1405
ymu,1406
eak,1407
heh,1408
eil,1409
eku,1410
wde,1411
lpi,1412
pra,1413
hty,1414
vam,1415
dla,1416
oab,1417
aib,1418
oan,1419
yab,1420
eee,1421
vas,1422
hti,1423
tsa,1424
bhm,1425
yla,1426
ymo,1427
qui,1428
sty,1429
mts,1430
neh,1431
oam,1432
hel,1433
som,1434
kke,1435
nyi,1436
rbh,1437
gvi,1438
fen,1439
ual,1440
ssu,1441
ndb,1442
jen,1443
och,1444
edh,1445
dga,1446
sus,1447
uwa,1448
wum,1449
zul,1450
pas,1451
api,1452
aqi,1453
bez,1454
nim,1455
siq,1456
swi,1457
kku,1458
ilk,1459
kle,1460
ope,1461
kva,1462
bak,1463
aun,1464
dib,1465
ugi,1466
ock,1467
fel,1468
lsa,1469
lsi,1470
eny,1471
ahr,1472
vra,1473
aiy,1474
mma,1475
air,1476
upi,1477
mme,1478
wti,1479
own,1480
ahv,1481
ehi,1482
nca,1483
nhi,1484
uki,1485
ese,1486
tor,1487
hut,1488
att,1489
yul,1490
yta,1491
ukt,1492
nos,1493
piv,1494
plo,1495
pol,1496
pul,1497
hva,1498
vek,1499
ude,1500
dee,1501
dud,1502
kub,1503
qub,1504
sib,1505
yin,1506
shs,1507
nus,1508
suf,1509
tsu,1510
nmi,1511
veb,1512